{
    "version": 8,
    "name": "CY1",
    "metadata": {
        "mapbox:type": "default",
        "mapbox:origin": "satellite-streets-v11",
        "mapbox:sdk-support": {
            "js": "1.9.0",
            "android": "8.6.0",
            "ios": "5.6.0"
        },
        "mapbox:autocomposite": true,
        "mapbox:groups": {
            "Satellite imagery, land": {
                "name": "Satellite imagery, land",
                "collapsed": true
            },
            "Administrative boundaries, admin": {
                "name": "Administrative boundaries, admin",
                "collapsed": true
            },
            "Place labels, place-labels": {
                "name": "Place labels, place-labels",
                "collapsed": true
            }
        },
        "mapbox:uiParadigm": "components",
        "mapbox:decompiler": {
            "id": "ckcqm0cd600f41is7ozewq0qy",
            "componentVersion": "3.0.0",
            "strata": [
                {
                    "id": "satellite-streets-v11",
                    "order": [
                        ["satellite", "land"],
                        ["admin-boundaries", "admin"],
                        ["place-labels", "place-labels"],
                        "cy",
                        "cy-7"
                    ]
                }
            ],
            "overrides": {
                "satellite": {
                    "background": {
                        "paint": {
                            "background-opacity": [
                                "interpolate",
                                ["linear"],
                                ["zoom"],
                                5,
                                0,
                                22,
                                1
                            ],
                            "background-color": [
                                "interpolate",
                                ["linear"],
                                ["zoom"],
                                0,
                                "hsla(222, 56%, 4%, 0)",
                                22,
                                "hsl(36, 86%, 62%)"
                            ]
                        }
                    }
                }
            },
            "components": {
                "satellite": "3.0.0",
                "admin-boundaries": "3.0.0",
                "place-labels": "3.0.0"
            },
            "propConfig": {
                "satellite": {
                    "fadeInOnZoom": false,
                    "satelliteStyle": "Saturated"
                },
                "admin-boundaries": {
                    "admin0Width": 1.5,
                    "color-base": "hsl(0, 10%, 93%)",
                    "color-place-label": "hsl(0, 0%, 100%)",
                    "color-admin-boundary": "hsl(0, 0%, 0%)",
                    "admin0Disputed": false
                },
                "place-labels": {
                    "settlementsMinorFont": [
                        "DIN Pro Medium",
                        "Arial Unicode MS Regular"
                    ],
                    "settlementSubdivisionsFont": [
                        "DIN Pro Medium",
                        "Arial Unicode MS Regular"
                    ],
                    "color-base": "hsl(0, 10%, 93%)",
                    "color-place-label": "hsl(0, 0%, 100%)"
                }
            }
        }
    },
    "center": [-118.25009242932015, 33.72593176470562],
    "zoom": 17.42572369143988,
    "bearing": -18.400000000000087,
    "pitch": 60,
    "sources": {
        "mapbox://mapbox.satellite": {
            "url": "mapbox://mapbox.satellite",
            "type": "raster",
            "tileSize": 256
        },
        "composite": {
            "url": "mapbox://stegallc1.5a1sypbx,mapbox.mapbox-streets-v8,stegallc1.ckcv90p8q1ys622t6a7cemuze-2sf8u",
            "type": "vector"
        }
    },
    "sprite": "mapbox://sprites/stegallc1/ckcqm0cd600f41is7ozewq0qy/48wy6cuyahby5x7i1va7tazja",
    "glyphs": "mapbox://fonts/stegallc1/{fontstack}/{range}.pbf",
    "layers": [
        {
            "id": "background",
            "type": "background",
            "metadata": {
                "mapbox:featureComponent": "satellite",
                "mapbox:group": "Satellite imagery, land"
            },
            "layout": {},
            "paint": {
                "background-color": [
                    "interpolate",
                    ["linear"],
                    ["zoom"],
                    0,
                    "hsla(222, 56%, 4%, 0)",
                    22,
                    "hsl(36, 86%, 62%)"
                ],
                "background-opacity": [
                    "interpolate",
                    ["linear"],
                    ["zoom"],
                    5,
                    0,
                    22,
                    1
                ]
            }
        },
        {
            "id": "satellite-saturated",
            "type": "raster",
            "metadata": {
                "mapbox:featureComponent": "satellite",
                "mapbox:group": "Satellite imagery, land"
            },
            "source": "mapbox://mapbox.satellite",
            "layout": {},
            "paint": {"raster-saturation": 0.5}
        },
        {
            "id": "admin-1-boundary-bg",
            "type": "line",
            "metadata": {
                "mapbox:featureComponent": "admin-boundaries",
                "mapbox:group": "Administrative boundaries, admin"
            },
            "source": "composite",
            "source-layer": "admin",
            "filter": [
                "all",
                ["==", ["get", "admin_level"], 1],
                ["==", ["get", "maritime"], "false"],
                ["match", ["get", "worldview"], ["all", "US"], true, false]
            ],
            "layout": {"line-join": "bevel"},
            "paint": {
                "line-color": [
                    "interpolate",
                    ["linear"],
                    ["zoom"],
                    8,
                    "hsl(0, 8%, 87%)",
                    16,
                    "hsl(0, 0%, 99%)"
                ],
                "line-width": [
                    "interpolate",
                    ["linear"],
                    ["zoom"],
                    7,
                    3.75,
                    12,
                    5.5
                ],
                "line-opacity": [
                    "interpolate",
                    ["linear"],
                    ["zoom"],
                    7,
                    0,
                    8,
                    0.75
                ],
                "line-dasharray": [1, 0],
                "line-translate": [0, 0],
                "line-blur": ["interpolate", ["linear"], ["zoom"], 3, 0, 8, 3]
            }
        },
        {
            "id": "admin-0-boundary-bg",
            "type": "line",
            "metadata": {
                "mapbox:featureComponent": "admin-boundaries",
                "mapbox:group": "Administrative boundaries, admin"
            },
            "source": "composite",
            "source-layer": "admin",
            "minzoom": 1,
            "filter": [
                "all",
                ["match", ["get", "disputed"], "true", false, true],
                ["==", ["get", "admin_level"], 0],
                ["==", ["get", "maritime"], "false"],
                ["match", ["get", "worldview"], ["all", "US"], true, false]
            ],
            "layout": {},
            "paint": {
                "line-width": [
                    "interpolate",
                    ["linear"],
                    ["zoom"],
                    3,
                    5.25,
                    10,
                    12
                ],
                "line-color": [
                    "interpolate",
                    ["linear"],
                    ["zoom"],
                    6,
                    "hsl(0, 8%, 87%)",
                    8,
                    "hsl(0, 0%, 99%)"
                ],
                "line-opacity": [
                    "interpolate",
                    ["linear"],
                    ["zoom"],
                    3,
                    0,
                    4,
                    0.5
                ],
                "line-translate": [0, 0],
                "line-blur": ["interpolate", ["linear"], ["zoom"], 3, 0, 10, 3]
            }
        },
        {
            "id": "admin-1-boundary",
            "type": "line",
            "metadata": {
                "mapbox:featureComponent": "admin-boundaries",
                "mapbox:group": "Administrative boundaries, admin"
            },
            "source": "composite",
            "source-layer": "admin",
            "filter": [
                "all",
                ["==", ["get", "admin_level"], 1],
                ["==", ["get", "maritime"], "false"],
                ["match", ["get", "worldview"], ["all", "US"], true, false]
            ],
            "layout": {"line-join": "round", "line-cap": "round"},
            "paint": {
                "line-dasharray": [
                    "step",
                    ["zoom"],
                    ["literal", [2, 0]],
                    7,
                    ["literal", [2, 2, 6, 2]]
                ],
                "line-width": [
                    "interpolate",
                    ["linear"],
                    ["zoom"],
                    7,
                    0.75,
                    12,
                    1.5
                ],
                "line-opacity": [
                    "interpolate",
                    ["linear"],
                    ["zoom"],
                    2,
                    0,
                    3,
                    1
                ],
                "line-color": [
                    "interpolate",
                    ["linear"],
                    ["zoom"],
                    3,
                    "hsl(0, 0%, 0%)",
                    7,
                    "hsl(0, 0%, 5%)"
                ]
            }
        },
        {
            "id": "admin-0-boundary",
            "type": "line",
            "metadata": {
                "mapbox:featureComponent": "admin-boundaries",
                "mapbox:group": "Administrative boundaries, admin"
            },
            "source": "composite",
            "source-layer": "admin",
            "minzoom": 1,
            "filter": [
                "all",
                ["==", ["get", "admin_level"], 0],
                ["==", ["get", "disputed"], "false"],
                ["==", ["get", "maritime"], "false"],
                ["match", ["get", "worldview"], ["all", "US"], true, false]
            ],
            "layout": {"line-join": "round", "line-cap": "round"},
            "paint": {
                "line-color": "hsl(0, 0%, 0%)",
                "line-width": [
                    "interpolate",
                    ["linear"],
                    ["zoom"],
                    3,
                    0.75,
                    10,
                    3
                ],
                "line-dasharray": [10, 0]
            }
        },
        {
            "id": "settlement-subdivision-label",
            "type": "symbol",
            "metadata": {
                "mapbox:featureComponent": "place-labels",
                "mapbox:group": "Place labels, place-labels"
            },
            "source": "composite",
            "source-layer": "place_label",
            "minzoom": 10,
            "maxzoom": 15,
            "filter": [
                "all",
                [
                    "case",
                    ["==", ["get", "disputed"], "true"],
                    [
                        "all",
                        [
                            "match",
                            ["get", "class"],
                            [
                                "settlement_subdivision",
                                "disputed_settlement_subdivision"
                            ],
                            true,
                            false
                        ],
                        [
                            "match",
                            ["get", "worldview"],
                            ["all", "US"],
                            true,
                            false
                        ]
                    ],
                    ["==", ["get", "class"], "settlement_subdivision"]
                ],
                ["<=", ["get", "filterrank"], 4]
            ],
            "layout": {
                "text-field": ["coalesce", ["get", "name_en"], ["get", "name"]],
                "text-transform": "uppercase",
                "text-font": ["DIN Pro Medium", "Arial Unicode MS Regular"],
                "text-letter-spacing": [
                    "match",
                    ["get", "type"],
                    "suburb",
                    0.15,
                    0.1
                ],
                "text-max-width": 7,
                "text-padding": 3,
                "text-size": [
                    "interpolate",
                    ["cubic-bezier", 0.5, 0, 1, 1],
                    ["zoom"],
                    11,
                    ["match", ["get", "type"], "suburb", 11, 10.5],
                    15,
                    ["match", ["get", "type"], "suburb", 17, 16]
                ]
            },
            "paint": {
                "text-halo-color": "hsla(0, 15%, 78%, 0.75)",
                "text-halo-width": 1,
                "text-color": "hsl(0, 0%, 100%)",
                "text-halo-blur": 0.5
            }
        },
        {
            "id": "settlement-minor-label",
            "type": "symbol",
            "metadata": {
                "mapbox:featureComponent": "place-labels",
                "mapbox:group": "Place labels, place-labels"
            },
            "source": "composite",
            "source-layer": "place_label",
            "maxzoom": 15,
            "filter": [
                "all",
                ["<=", ["get", "filterrank"], 3],
                [
                    "case",
                    ["==", ["get", "disputed"], "true"],
                    [
                        "all",
                        [
                            "match",
                            ["get", "class"],
                            ["settlement", "disputed_settlement"],
                            true,
                            false
                        ],
                        [
                            "match",
                            ["get", "worldview"],
                            ["all", "US"],
                            true,
                            false
                        ]
                    ],
                    ["==", ["get", "class"], "settlement"]
                ],
                [
                    "step",
                    ["zoom"],
                    true,
                    8,
                    [">=", ["get", "symbolrank"], 11],
                    10,
                    [">=", ["get", "symbolrank"], 12],
                    11,
                    [">=", ["get", "symbolrank"], 13],
                    12,
                    [">=", ["get", "symbolrank"], 15],
                    13,
                    [">=", ["get", "symbolrank"], 11],
                    14,
                    [">=", ["get", "symbolrank"], 13]
                ]
            ],
            "layout": {
                "text-line-height": 1.1,
                "text-size": [
                    "interpolate",
                    ["cubic-bezier", 0.2, 0, 0.9, 1],
                    ["zoom"],
                    3,
                    [
                        "step",
                        ["get", "symbolrank"],
                        12,
                        9,
                        11,
                        10,
                        10.5,
                        12,
                        9.5,
                        14,
                        8.5,
                        16,
                        6.5,
                        17,
                        4
                    ],
                    13,
                    [
                        "step",
                        ["get", "symbolrank"],
                        25,
                        9,
                        23,
                        10,
                        21,
                        11,
                        19,
                        12,
                        18,
                        13,
                        17,
                        15,
                        15
                    ]
                ],
                "icon-image": [
                    "step",
                    ["zoom"],
                    [
                        "case",
                        ["==", ["get", "capital"], 2],
                        "border-dot-13",
                        [
                            "step",
                            ["get", "symbolrank"],
                            "dot-11",
                            9,
                            "dot-10",
                            11,
                            "dot-9"
                        ]
                    ],
                    8,
                    ""
                ],
                "text-font": ["DIN Pro Medium", "Arial Unicode MS Regular"],
                "text-justify": [
                    "step",
                    ["zoom"],
                    [
                        "match",
                        ["get", "text_anchor"],
                        ["left", "bottom-left", "top-left"],
                        "left",
                        ["right", "bottom-right", "top-right"],
                        "right",
                        "center"
                    ],
                    8,
                    "center"
                ],
                "text-offset": [
                    "step",
                    ["zoom"],
                    [
                        "match",
                        ["get", "capital"],
                        2,
                        [
                            "match",
                            ["get", "text_anchor"],
                            "bottom",
                            ["literal", [0, -0.3]],
                            "bottom-left",
                            ["literal", [0.3, -0.1]],
                            "left",
                            ["literal", [0.45, 0.1]],
                            "top-left",
                            ["literal", [0.3, 0.1]],
                            "top",
                            ["literal", [0, 0.3]],
                            "top-right",
                            ["literal", [-0.3, 0.1]],
                            "right",
                            ["literal", [-0.45, 0]],
                            "bottom-right",
                            ["literal", [-0.3, -0.1]],
                            ["literal", [0, -0.3]]
                        ],
                        [
                            "match",
                            ["get", "text_anchor"],
                            "bottom",
                            ["literal", [0, -0.25]],
                            "bottom-left",
                            ["literal", [0.2, -0.05]],
                            "left",
                            ["literal", [0.4, 0.05]],
                            "top-left",
                            ["literal", [0.2, 0.05]],
                            "top",
                            ["literal", [0, 0.25]],
                            "top-right",
                            ["literal", [-0.2, 0.05]],
                            "right",
                            ["literal", [-0.4, 0.05]],
                            "bottom-right",
                            ["literal", [-0.2, -0.05]],
                            ["literal", [0, -0.25]]
                        ]
                    ],
                    8,
                    ["literal", [0, 0]]
                ],
                "text-anchor": [
                    "step",
                    ["zoom"],
                    ["get", "text_anchor"],
                    8,
                    "center"
                ],
                "text-field": ["coalesce", ["get", "name_en"], ["get", "name"]],
                "text-max-width": 7
            },
            "paint": {
                "text-color": "hsl(0, 0%, 95%)",
                "text-halo-color": "hsl(0, 15%, 78%)",
                "text-halo-width": 1,
                "text-halo-blur": 1
            }
        },
        {
            "id": "settlement-major-label",
            "type": "symbol",
            "metadata": {
                "mapbox:featureComponent": "place-labels",
                "mapbox:group": "Place labels, place-labels"
            },
            "source": "composite",
            "source-layer": "place_label",
            "maxzoom": 15,
            "filter": [
                "all",
                ["<=", ["get", "filterrank"], 3],
                [
                    "case",
                    ["==", ["get", "disputed"], "true"],
                    [
                        "all",
                        [
                            "match",
                            ["get", "class"],
                            ["settlement", "disputed_settlement"],
                            true,
                            false
                        ],
                        [
                            "match",
                            ["get", "worldview"],
                            ["all", "US"],
                            true,
                            false
                        ]
                    ],
                    ["==", ["get", "class"], "settlement"]
                ],
                [
                    "step",
                    ["zoom"],
                    false,
                    8,
                    ["<", ["get", "symbolrank"], 11],
                    10,
                    ["<", ["get", "symbolrank"], 12],
                    11,
                    ["<", ["get", "symbolrank"], 13],
                    12,
                    ["<", ["get", "symbolrank"], 15],
                    13,
                    [">=", ["get", "symbolrank"], 11],
                    14,
                    [">=", ["get", "symbolrank"], 13]
                ]
            ],
            "layout": {
                "text-line-height": 1.1,
                "text-size": [
                    "interpolate",
                    ["cubic-bezier", 0.2, 0, 0.9, 1],
                    ["zoom"],
                    8,
                    ["step", ["get", "symbolrank"], 18, 9, 17, 10, 15],
                    15,
                    [
                        "step",
                        ["get", "symbolrank"],
                        28,
                        9,
                        26,
                        10,
                        23,
                        11,
                        21,
                        12,
                        20,
                        13,
                        19,
                        15,
                        16
                    ]
                ],
                "icon-image": [
                    "step",
                    ["zoom"],
                    [
                        "case",
                        ["==", ["get", "capital"], 2],
                        "border-dot-13",
                        [
                            "step",
                            ["get", "symbolrank"],
                            "dot-11",
                            9,
                            "dot-10",
                            11,
                            "dot-9"
                        ]
                    ],
                    8,
                    ""
                ],
                "text-font": ["DIN Pro Medium", "Arial Unicode MS Regular"],
                "text-justify": [
                    "step",
                    ["zoom"],
                    [
                        "match",
                        ["get", "text_anchor"],
                        ["left", "bottom-left", "top-left"],
                        "left",
                        ["right", "bottom-right", "top-right"],
                        "right",
                        "center"
                    ],
                    8,
                    "center"
                ],
                "text-offset": [
                    "step",
                    ["zoom"],
                    [
                        "match",
                        ["get", "capital"],
                        2,
                        [
                            "match",
                            ["get", "text_anchor"],
                            "bottom",
                            ["literal", [0, -0.3]],
                            "bottom-left",
                            ["literal", [0.3, -0.1]],
                            "left",
                            ["literal", [0.45, 0.1]],
                            "top-left",
                            ["literal", [0.3, 0.1]],
                            "top",
                            ["literal", [0, 0.3]],
                            "top-right",
                            ["literal", [-0.3, 0.1]],
                            "right",
                            ["literal", [-0.45, 0]],
                            "bottom-right",
                            ["literal", [-0.3, -0.1]],
                            ["literal", [0, -0.3]]
                        ],
                        [
                            "match",
                            ["get", "text_anchor"],
                            "bottom",
                            ["literal", [0, -0.25]],
                            "bottom-left",
                            ["literal", [0.2, -0.05]],
                            "left",
                            ["literal", [0.4, 0.05]],
                            "top-left",
                            ["literal", [0.2, 0.05]],
                            "top",
                            ["literal", [0, 0.25]],
                            "top-right",
                            ["literal", [-0.2, 0.05]],
                            "right",
                            ["literal", [-0.4, 0.05]],
                            "bottom-right",
                            ["literal", [-0.2, -0.05]],
                            ["literal", [0, -0.25]]
                        ]
                    ],
                    8,
                    ["literal", [0, 0]]
                ],
                "text-anchor": [
                    "step",
                    ["zoom"],
                    ["get", "text_anchor"],
                    8,
                    "center"
                ],
                "text-field": ["coalesce", ["get", "name_en"], ["get", "name"]],
                "text-max-width": 7
            },
            "paint": {
                "text-color": "hsl(0, 0%, 95%)",
                "text-halo-color": "hsl(0, 15%, 78%)",
                "text-halo-width": 1,
                "text-halo-blur": 1
            }
        },
        {
            "id": "state-label",
            "type": "symbol",
            "metadata": {
                "mapbox:featureComponent": "place-labels",
                "mapbox:group": "Place labels, place-labels"
            },
            "source": "composite",
            "source-layer": "place_label",
            "minzoom": 3,
            "maxzoom": 9,
            "filter": [
                "case",
                ["==", ["get", "disputed"], "true"],
                [
                    "all",
                    [
                        "match",
                        ["get", "class"],
                        ["state", "disputed_state"],
                        true,
                        false
                    ],
                    ["match", ["get", "worldview"], ["all", "US"], true, false]
                ],
                ["==", ["get", "class"], "state"]
            ],
            "layout": {
                "text-size": [
                    "interpolate",
                    ["cubic-bezier", 0.85, 0.7, 0.65, 1],
                    ["zoom"],
                    4,
                    ["step", ["get", "symbolrank"], 10, 6, 9.5, 7, 9],
                    9,
                    ["step", ["get", "symbolrank"], 24, 6, 18, 7, 14]
                ],
                "text-transform": "uppercase",
                "text-font": ["DIN Pro Bold", "Arial Unicode MS Bold"],
                "text-field": [
                    "step",
                    ["zoom"],
                    [
                        "step",
                        ["get", "symbolrank"],
                        ["coalesce", ["get", "name_en"], ["get", "name"]],
                        5,
                        [
                            "coalesce",
                            ["get", "abbr"],
                            ["get", "name_en"],
                            ["get", "name"]
                        ]
                    ],
                    5,
                    ["coalesce", ["get", "name_en"], ["get", "name"]]
                ],
                "text-letter-spacing": 0.15,
                "text-max-width": 6
            },
            "paint": {
                "text-color": "hsl(0, 0%, 95%)",
                "text-halo-color": "hsl(0, 15%, 78%)",
                "text-halo-width": 1
            }
        },
        {
            "id": "country-label",
            "type": "symbol",
            "metadata": {
                "mapbox:featureComponent": "place-labels",
                "mapbox:group": "Place labels, place-labels"
            },
            "source": "composite",
            "source-layer": "place_label",
            "minzoom": 1,
            "maxzoom": 10,
            "filter": [
                "case",
                ["==", ["get", "disputed"], "true"],
                [
                    "all",
                    [
                        "match",
                        ["get", "class"],
                        ["country", "disputed_country"],
                        true,
                        false
                    ],
                    ["match", ["get", "worldview"], ["all", "US"], true, false]
                ],
                ["==", ["get", "class"], "country"]
            ],
            "layout": {
                "icon-image": "",
                "text-field": ["coalesce", ["get", "name_en"], ["get", "name"]],
                "text-line-height": 1.1,
                "text-max-width": 6,
                "text-font": ["DIN Pro Medium", "Arial Unicode MS Regular"],
                "text-offset": ["literal", [0, 0]],
                "text-justify": [
                    "step",
                    ["zoom"],
                    [
                        "match",
                        ["get", "text_anchor"],
                        ["left", "bottom-left", "top-left"],
                        "left",
                        ["right", "bottom-right", "top-right"],
                        "right",
                        "center"
                    ],
                    7,
                    "center"
                ],
                "text-size": [
                    "interpolate",
                    ["cubic-bezier", 0.2, 0, 0.7, 1],
                    ["zoom"],
                    1,
                    ["step", ["get", "symbolrank"], 11, 4, 9, 5, 8],
                    9,
                    ["step", ["get", "symbolrank"], 28, 4, 22, 5, 21]
                ]
            },
            "paint": {
                "icon-opacity": [
                    "step",
                    ["zoom"],
                    ["case", ["has", "text_anchor"], 1, 0],
                    7,
                    0
                ],
                "text-color": "hsl(0, 0%, 95%)",
                "text-halo-color": [
                    "interpolate",
                    ["linear"],
                    ["zoom"],
                    2,
                    "hsla(0, 15%, 78%, 0.75)",
                    3,
                    "hsl(0, 15%, 78%)"
                ],
                "text-halo-width": 1.25
            }
        },
        {
            "id": "cy",
            "type": "symbol",
            "source": "composite",
            "source-layer": "CY",
            "layout": {
                "text-size": 20,
                "symbol-avoid-edges": true,
                "text-ignore-placement": ["step", ["zoom"], false, 16, false],
                "text-transform": "uppercase",
                "symbol-spacing": 750,
                "text-font": [
                    "Open Sans ExtraBold",
                    "Arial Unicode MS Regular"
                ],
                "symbol-placement": "line",
                "text-justify": "right",
                "text-padding": 4,
                "text-anchor": "bottom",
                "text-pitch-alignment": "viewport",
                "text-field": ["to-string", ["get", "Name"]]
            },
            "paint": {
                "text-color": "hsla(170, 54%, 97%, 0.99)",
                "text-halo-color": "hsla(190, 56%, 94%, 0)"
            }
        },
        {
            "id": "cy-7",
            "type": "line",
            "source": "composite",
            "source-layer": "CY_7",
            "layout": {},
            "paint": {"line-color": "hsl(22, 92%, 52%)", "line-width": 4}
        }
    ],
    "created": "2020-07-17T19:22:38.440Z",
    "id": "ckcqm0cd600f41is7ozewq0qy",
    "modified": "2020-07-21T05:22:59.534Z",
    "owner": "stegallc1",
    "visibility": "private",
    "draft": false
}